Company,Contract #,Website Link
NovoNordisk,17293,https://www.eventgifthub.com/nacdsummit2024
Bluecore Inc.,17290,https://www.eventgifthub.com/bluecorefall2024
Procore,17285,https://www.eventgifthub.com/17285-nike-event
"Marriott International, Inc.- MINA",17284,https://www.eventgifthub.com/mina2024giftredemption
"Rubrik, Inc.-Kamphuis",17282,https://www.eventgifthub.com/17282-gifting-event
"Rubrik, Inc.-Zomaya",17281,https://www.eventgifthub.com/17281-gifting-event
"Rubrik, Inc.- Zomaya",17280,https://www.eventgifthub.com/17280-sneaker-exp
Lenovo,17277,https://www.eventgifthub.com/17277-nike-event
"Rubrik, Inc.-Romo",17276,https://www.eventgifthub.com/17276-nike-event
Elevance Health,17272,https://www.eventgifthub.com/ehelite/
Chicago Cubs,17270,https://www.eventgifthub.com/17270-nike-event
Brylex,17269,https://www.eventgifthub.com/17269-nike-event
Hyatt- Orlando,17266,https://www.eventgifthub.com/hyatt-gifting-event
Asset Marketing Systems,17265,https://www.eventgifthub.com/amsreachgift
Corteva,17263,https://www.eventgifthub.com/bulkblitz2024
Nextiva,17262,https://www.eventgifthub.com/vipdinnerthefutureofcustomerexperience
T-Mobile,17258,https://www.eventgifthub.com/tfbpartnersummitjuly2024
"Greystar Management Services, LLC",17253,https://www.eventgifthub.com/suppliersupportrocks
Keurig Dr Pepper,17252,https://www.eventgifthub.com/crush-custom-shoe-event
Vogel Law Firm,17250,https://www.eventgifthub.com/vogellawfirmholidaygift
ServiceNow-Smith - ProV,17249,https://www.eventgifthub.com/17249-nike-event
ServiceNow-Nguyen,17248,https://www.eventgifthub.com/17248-nike-event
The Wine Group,17247,https://www.eventgifthub.com/17247-the-wine-group
ADP,17244,https://www.eventgifthub.com/fy25sbsleadership
Google,17243,https://www.eventgifthub.com/17243-nike-event
Google,17242,https://www.eventgifthub.com/17242-nike-event
Insight,17241,https://www.eventgifthub.com/lenovoservices
One10 LLC,17239,https://www.eventgifthub.com/hpcnike
Pritzker Private Capital,17235,https://www.eventgifthub.com/17235-sneaker-event
Amynta Agency Inc,17233,https://www.eventgifthub.com/amyntagrowthsummit2024
Michelin,17232,https://www.eventgifthub.com/17232-nike-event
Trend Micro,17231,https://www.eventgifthub.com/17231-nike-event
Data Pivot,17227,https://www.eventgifthub.com/protectinstyle
Lenovo,17225,https://www.eventgifthub.com/17225-nike-event
Google,17223,https://www.eventgifthub.com/google-cloud-ai-decoded-bos
